{"schemaVersion":16,"addons":[{"id":"{972ce4c6-7e08-4474-a285-3208198ce6fd}","syncGUID":"L92enkkJ0TdI","location":"app-global","version":"33.1.1","type":"theme","internalName":"classic/1.0","updateURL":null,"updateKey":null,"optionsURL":null,"optionsType":null,"aboutURL":null,"iconURL":null,"icon64URL":null,"defaultLocale":{"name":"Default","description":"The default theme.","creator":"Mozilla","homepageURL":null,"contributors":["Mozilla Contributors"]},"visible":true,"active":true,"userDisabled":false,"appDisabled":false,"descriptor":"C:\\Program Files\\Mozilla Firefox\\browser\\extensions\\{972ce4c6-7e08-4474-a285-3208198ce6fd}","installDate":1437100667201,"updateDate":1437100667201,"applyBackgroundUpdates":1,"skinnable":true,"size":3510,"sourceURI":null,"releaseNotesURI":null,"softDisabled":false,"foreignInstall":false,"hasBinaryComponents":false,"strictCompatibility":true,"locales":[],"targetApplications":[{"id":"{ec8030f7-c20a-464f-9b0e-13a3a9e97384}","minVersion":"33.1.1","maxVersion":"33.1.1"}],"targetPlatforms":[]},{"id":"formhistory@yahoo.com","syncGUID":"1COo2T9gT2yQ","location":"app-profile","version":"1.4.0.4.1-signed","type":"extension","internalName":null,"updateURL":null,"updateKey":null,"optionsURL":"chrome://formhistory/content/FhcPreferences.xul","optionsType":null,"aboutURL":"chrome://formhistory/content/AboutFHC.xul","iconURL":"chrome://formhistory/skin/fh_icon_big.png","icon64URL":null,"defaultLocale":{"name":"Form History Control","description":"Manage Form History (view, edit, delete, clean-up, export/import)","creator":"Stephan Mahieu","homepageURL":"http://www.formhistory.blogspot.com","translators":["Stanislav Horáček [BabelZilla][http://www.babelzilla.org/forum/index.php?showuser=14422] (cs)","Jørgen [BabelZilla][http://www.babelzilla.org/forum/index.php?showuser=7215] (da)","HorstS [BabelZilla][http://www.babelzilla.org/forum/index.php?showuser=12281] (de)","Stephan Mahieu [Home][http://www.formhistory.blogspot.com] (en-US)","urko [BabelZilla][http://www.babelzilla.org/forum/index.php?showuser=247] (es-ES)","Goofy [BabelZilla][http://www.babelzilla.org/forum/index.php?showuser=13] (fr)","Jojaba [BabelZilla][http://www.babelzilla.org/forum/index.php?showuser=155] (fr)","nico@nc [BabelZilla][http://www.babelzilla.org/forum/index.php?showuser=3331] (fr)","Stephan Mahieu [Home][http://www.formhistory.blogspot.com] (nl)","Marcelo Ghelman [ghelman.net][http://ghelman.net/] (pt-BR)","Headly [Mozilla user][https://addons.mozilla.org/firefox/user/Headly/] (ru)","Sinan Kaan Yerli [skyerli.org][http://skyerli.org] (tr)","fang5566 [BabelZilla][http://www.babelzilla.org/forum/index.php?showuser=353] (zh-CN)","techlivezheng [BabelZilla][http://www.babelzilla.org/forum/index.php?showuser=17904] (zh-CN)"],"contributors":["Mark James [Menu-icons][http://www.famfamfam.com/lab/icons/silk/]","BabelZilla team [www.babelzilla.org][http://www.babelzilla.org]"]},"visible":true,"active":true,"userDisabled":false,"appDisabled":false,"descriptor":"C:\\Users\\Creep\\AppData\\Roaming\\Mozilla\\Firefox\\Profiles\\j3uv3vkf.default\\extensions\\formhistory@yahoo.com","installDate":1437145012292,"updateDate":1437145012292,"applyBackgroundUpdates":1,"bootstrap":false,"size":1688827,"sourceURI":"https://addons.mozilla.org/firefox/downloads/file/316266/form_history_control-1.4.0.4-sm+fx.xpi?src=api","releaseNotesURI":null,"softDisabled":false,"foreignInstall":false,"hasBinaryComponents":false,"strictCompatibility":false,"locales":[{"locales":["nl"],"name":"Form History Control","description":"Onderhoud de formulier historie entries (inzien, verwijderen, aanpassen, exporteren/importeren)","creator":null,"homepageURL":null},{"locales":["cs"],"name":"Form History Control","description":"Správa historie formulářů (zobrazení, úprava, mazání, čištění, export/import)","creator":null,"homepageURL":null},{"locales":["da"],"name":"Form History Control","description":"Håndter formularhistorik (vis, rediger, slet, ryd op, eksporter/importer)","creator":null,"homepageURL":null},{"locales":["de"],"name":"Form History Control","description":"Formulareinträge verwalten (Anzeigen, Bearbeiten, Löschen, bereinigen, exportieren/importieren)","creator":null,"homepageURL":null},{"locales":["es-ES"],"name":"Form History Control","description":"Administrar Historial de formularios (ver, editar, eliminar, borrar selectivamente, exportar/importar)","creator":null,"homepageURL":null},{"locales":["fr"],"name":"Form History Control","description":"Gestion de l'historique de formulaire (affichage, édition, suppression, nettoyage, export/import)","creator":null,"homepageURL":null},{"locales":["pt-BR"],"name":"Form History Control","description":"Gerencia o histórico de formulários (visualiza, edita, apaga, limpa, exporta/importa)","creator":null,"homepageURL":null},{"locales":["ru"],"name":"Form History Control","description":"Управление записями истории форм (просмотр, редактирование, удаление, экспорт/импорт)","creator":null,"homepageURL":null},{"locales":["sv-SE"],"name":"Form History Control","description":"Hantera formulärhistorik (visa, redigera, ta bort, sanera, exportera/importera)","creator":null,"homepageURL":null},{"locales":["tr"],"name":"Form History Control","description":"Form Geçmişi Düzenleme (göster, düzenle, sil, temizle, içe/dışa aktar)","creator":null,"homepageURL":null},{"locales":["zh-CN"],"name":"Form History Control","description":"管理表单历史（查看、编辑、删除、清理、导入/导出）","creator":null,"homepageURL":null},{"locales":["bg-BG"],"name":"Form History Control","description":"Управление на Формата за историята (преглннд, редактирае, изтриване, почистване, изнасяне/внасяне)","creator":null,"homepageURL":null},{"locales":["hu"],"name":"Form History Control","description":"Mezőkbe írt szövegek kezelése (megtekintés, szerkesztés, törlés, exportálás/importálás)","creator":null,"homepageURL":null},{"locales":["it"],"name":"Form History Control","description":"Gestione della cronologia moduli (visualizzazione, modifica, cancellazione, pulizia, esportazione, importazione)","creator":null,"homepageURL":null},{"locales":["sk-SK"],"name":"Form History Control","description":"Spravovanie údajov histórie formulárov (zobraziť, upraviť, vymazať, exportovať/importovať)","creator":null,"homepageURL":null}],"targetApplications":[{"id":"{ec8030f7-c20a-464f-9b0e-13a3a9e97384}","minVersion":"22.0","maxVersion":"41.0"},{"id":"{92650c4d-4b8e-4d2a-b7eb-24ecf4f6b63a}","minVersion":"2.19","maxVersion":"2.38"},{"id":"{a463f10c-3994-11da-9945-000d60ca027b}","minVersion":"2.*.*","maxVersion":"2.*.*"}],"targetPlatforms":[],"multiprocessCompatible":false}]}