{"nextId":2,"logins":[{"id":1,"hostname":"http://www.disneystore.com","httpRealm":null,"formSubmitURL":"https://www.disneystore.com","usernameField":"email1","passwordField":"logonPassword","encryptedUsername":"MEIEEPgAAAAAAAAAAAAAAAAAAAEwFAYIKoZIhvcNAwcECKQunBILjST3BBjPTpovAN62MzKEgqD8BvIqvNbhhsyfWhg=","encryptedPassword":"MDoEEPgAAAAAAAAAAAAAAAAAAAEwFAYIKoZIhvcNAwcECBmvh+1hpzJ+BBCDgl/Dx3KSBvwDZyBj3SUt","guid":"{5c0e6839-e7de-464b-8d37-08d61254a706}","encType":1,"timeCreated":1437145423354,"timeLastUsed":1437145423354,"timePasswordChanged":1437145423354,"timesUsed":1}],"disabledHosts":[],"version":1}